{
  "classes": [
    "Gryffindor",
    "Hufflepuff",
    "Ravenclaw",
    "Slytherin"
  ],
  "features": [
    "Arithmancy",
    "Astronomy",
    "Herbology",
    "Defense Against the Dark Arts",
    "Divination",
    "Muggle Studies",
    "Ancient Runes",
    "History of Magic",
    "Transfiguration",
    "Potions",
    "Care of Magical Creatures",
    "Charms",
    "Flying"
  ],
  "mu": [
    49453.10951239009,
    46.47644878930413,
    1.1894574337480681,
    -0.4647644878930413,
    3.213830535571543,
    -222.90366613760273,
    496.25145678798293,
    2.978593497775142,
    1029.8628682296342,
    5.961275574309777,
    -0.06431538961850278,
    -243.32572261390885,
    23.109008792965625
  ],
  "sigma": [
    16694.87644194074,
    520.7378397588484,
    5.221048988963304,
    5.207378397588484,
    4.109348155784129,
    484.7919719662394,
    106.66795169582073,
    4.455181302981812,
    43.96529466494981,
    3.1016776977845515,
    0.9722575558030098,
    8.786891416227867,
    97.71593824953196
  ],
  "standardize": true,
  "alpha": 0.1,
  "max_iter": 15000,
  "tol": 1e-06,
  "lambda": 0.0,
  "thetas": {
    "Gryffindor": [
      -2.9359411079386564,
      -0.22926087219979427,
      0.22342110621922262,
      -0.9662109534568712,
      -0.22342110621922281,
      0.6724989701913606,
      -0.170425888703728,
      0.9907751852105622,
      -0.7843410815752374,
      -1.0645804865183293,
      -0.028477689977125253,
      0.013206183514472085,
      -0.27812449527069183,
      0.8700460075878086
    ],
    "Hufflepuff": [
      -2.100400679657551,
      0.14938643979659916,
      1.289413016221299,
      1.3546237099231324,
      -1.2894130162212984,
      0.5509900483540435,
      -0.761475089787652,
      -1.3783963318954928,
      0.8886258383887705,
      0.6665881554767562,
      -0.46163150889022225,
      0.047447270085472795,
      -0.07347024817654474,
      -0.4897054726664232
    ],
    "Ravenclaw": [
      -2.2224008064231104,
      0.20069540838066738,
      -0.7208806464553071,
      0.5362274182544883,
      0.7208806464553074,
      0.30292523593496945,
      1.350246438362845,
      0.9067978988158457,
      0.11270566069005764,
      0.06627875179069714,
      -0.08676029381132659,
      -0.06559463228816108,
      0.996507871740322,
      -0.02205244980918982
    ],
    "Slytherin": [
      -3.6470823192301176,
      -0.17803915450398478,
      -0.7257514884594835,
      -0.7700491604250614,
      0.7257514884594835,
      -1.6125059543203848,
      -0.5724502273690526,
      -0.6528984548428263,
      -0.12403858515145881,
      0.5026698015162374,
      0.7474920930583886,
      -0.0703588821256216,
      -0.6579944113467427,
      -0.382280389603841
    ]
  },
  "final_costs": {
    "Gryffindor": 0.043588817761147904,
    "Hufflepuff": 0.055972806259945766,
    "Ravenclaw": 0.06604410549356074,
    "Slytherin": 0.03393784607823025
  }
}